"source","full_text","substance_name","cas_number","type","monomer_1","monomer_2","monomer_3","monomer_4","monomer_5","monomer_6"
"A.104","Polytetrafluoroethylene; a polymer of: tetrafluoroethylene (TFE)","Polytetrafluoroethylene","9002-84-0","polymer","tetrafluoroethylene (TFE)",,,,,
"A.105","A copolymer of TFE and PFMVE \ modified with 3,3,4,4,5,5,6,6,7,7,8,8-dodecafluoro-1,9-diene and 1,3,5-triallyl cyanurate or 1,3,5-triallyl isocyanurate","A copolymer of TFE and PFMVE \ modified with 3,3,4,4,5,5,6,6,7,7,8,8-dodecafluoro-1,9-diene and 1,3,5-triallyl cyanurate or 1,3,5-triallyl isocyanurate","26425-79-6","copolymer","TFE","PFMVE \",,,,
"A.105","A copolymer of TFE and PFMVE modified with 1,3,5-triallyl isocyanurate or 1,3,5-triallyl cyanurate and 3,3,4,4,5,5,6,6,7,7,8,8-dodecafluoro-1,9-diene, manufactured and characterised as further described in the notification","A copolymer of TFE and PFMVE modified with 1,3,5-triallyl isocyanurate or 1,3,5-triallyl cyanurate and 3,3,4,4,5,5,6,6,7,7,8,8-dodecafluoro-1,9-diene, manufactured and characterised as further described in the notification","26425-79-6 (TFE and PFMVE)","copolymer","TFE","PFMVE",,,,
"A.105","A copolymer of TFE and perfluoromethylvinyl ether (PFMVE) modified with 1,3,5-triallyl isocyanurate (TAIC) and 3,3,4,4,5,5,6,6,7,7,8,8-dodecafluoro-1,9-diene, manufactured and characterized as further described in the notification","A copolymer of TFE and perfluoromethylvinyl ether (PFMVE) modified with 1,3,5-triallyl isocyanurate (TAIC) and 3,3,4,4,5,5,6,6,7,7,8,8-dodecafluoro-1,9-diene, manufactured and characterized as further described in the notification","26425-79-6","copolymer","TFE","perfluoromethylvinyl ether (PFMVE)",,,,
"A.105","A copolymer of TFE and trifluoromethyl trifluorovinyl ether, and optionally employing a halogenated alkene.","A copolymer of TFE and trifluoromethyl trifluorovinyl ether, and optionally employing a halogenated alkene.","116-14-3,1187-93-5 (ether)","copolymer","TFE","trifluoromethyl trifluorovinyl ether","optionally employing a halogenated alkene.",,,
"A.105","A copolymer of propylene, TFE, and 3,3,3-trifluoropropene cured with a salt of a quarternary ammonium compound and phenol, 4,4'-(2,2,2-trifluoro-1- (trifluoromethyl)ethylidene)bis-","A copolymer of propylene, TFE, and 3,3,3-trifluoropropene cured with a salt of a quarternary ammonium compound and phenol, 4,4'-(2,2,2-trifluoro-1- (trifluoromethyl)ethylidene)bis-","115-07-1,116-14-3,677-21-4 (trifluoropr opene)","copolymer","propylene","TFE","3",,"3-trifluoropropene",
"A.105","A perfluorocarbon cured elastomer (PCE) produced by terpolymerizing TFE, , perfluoro-2,5-dimethyl- 3,6-dioxanonane vinyl ether, and perfluoro-6,6-dihydro-6-iodo-3-oxa-1-hexene, and subsequent curing of the terpolymer with triallylisocyanurate and 2,5-dimethyl-2,5-di(t-butylperoxy)hexane","A perfluorocarbon cured elastomer (PCE) produced by terpolymerizing TFE, , perfluoro-2,5-dimethyl- 3,6-dioxanonane vinyl ether, and perfluoro-6,6-dihydro-6-iodo-3-oxa-1-hexene, and subsequent curing of the terpolymer with triallylisocyanurate and 2,5-dimethyl-2,5-di(t-butylperoxy)hexane","116-14-3,2599-84-0 (vinyl ether) 106108-22-9 (hexene) 106108-23-0 (terpolymer) 1025-15-6,78-63-7","terpolymer","TFE","perfluoro-2","5-dimethyl- 3","6-dioxanonane vinyl ether","perfluoro-6","6-dihydro-6-iodo-3-oxa-1-hexene"
"A.105","A perfluorocarbon cured elastomer (PCE) produced by terpolymerizing TFE, PFMVE and perfluoro-6,6-dihydro-6-iodo-3-oxa-1-hexane, and subsequent curing of the terpolymer with triallylisocyanurate and 2,5-dimethyl-2,5-di(t-butylperoxy)hexane","A perfluorocarbon cured elastomer (PCE) produced by terpolymerizing TFE, PFMVE and perfluoro-6,6-dihydro-6-iodo-3-oxa-1-hexane, and subsequent curing of the terpolymer with triallylisocyanurate and 2,5-dimethyl-2,5-di(t-butylperoxy)hexane","116-14-3 (TFE) 1187-93-5 (PFMVE) 106108-22-9 (perfluoro-alkane) 193018-53-0 (terpolymer) 1025-15-6 (triallylisoc yanurate) 78-63-7 (hexane)","terpolymer","TFE","PFMVE","perfluoro-6","6-dihydro-6-iodo-3-oxa-1-hexane",,
"A.105","A perfluorocarbon-cured elastomer (PCE) produced by terpolymerizing TFE perfluoro (2,5-dimethyl- 3,6-dioxanone vinyl ether) and perfluoro (6,6-dihydro- 6-iodo- 3-oxa- 1-hexene) and subsequent curing of the terpolymer by crosslinking with triallylcyanurate and vulcanizing with 2,5-dimethyl- 2,5-di (t-butylperoxy) hexane, as a 68% dispersion on finely divided silica","A perfluorocarbon-cured elastomer (PCE) produced by terpolymerizing TFE perfluoro (2,5-dimethyl- 3,6-dioxanone vinyl ether) and perfluoro (6,6-dihydro- 6-iodo- 3-oxa- 1-hexene) and subsequent curing of the terpolymer by crosslinking with triallylcyanurate and vulcanizing with 2,5-dimethyl- 2,5-di (t-butylperoxy) hexane, as a 68% dispersion on finely divided silica","116-14-3 (TFE) 2599-84-0 (vinyl ether) 106108-22-9 (perfluoro alkene) 106108-23-0 (terpolymer) 101-37-1 (triallycyan urate) 78-63-7 (hexane)","terpolymer","TFE perfluoro (2","5-dimethyl- 3","6-dioxanone vinyl ether)","perfluoro (6","6-dihydro- 6-iodo- 3-oxa- 1-hexene)",
"A.105","Fluorocarbon cured elastomer produced by copolymerizing TFE and propylene and subsequent curing of the copolymer with triallylisocyanurate and 2,2’bis-(t-butylperoxy) diisopropylbenzene.","Fluorocarbon cured elastomer produced by copolymerizing TFE and propylene and subsequent curing of the copolymer with triallylisocyanurate and 2,2’bis-(t-butylperoxy) diisopropylbenzene.","116-14-3 (TFE) 115-07-1 (propylene) 27029-05-6 (copolymer) 1025-15-6 (triallylisoc yanurate) 25155-25-3 (2,2’bis-(t-butylperoxy) diisopropyl benzen)","copolymer","TFE","propylene",,,,
"A.105","Fluorocarbon cured elastomer produced by copolymerizing TFE and propylene and subsequent curing with triallylisocyanurate or triallylcyanurate and 2,2’-bis(tert-butylperoxy) diisopropylbenzene","Fluorocarbon cured elastomer produced by copolymerizing TFE and propylene and subsequent curing with triallylisocyanurate or triallylcyanurate and 2,2’-bis(tert-butylperoxy) diisopropylbenzene","116-14-3,115-07-1,1025-15-6,101-37-1 (triallylcyan urate) 25155-25-3","copolymer","TFE","propylene",,,,
"A.105","Fluorocarbon cured elastomer produced by copolymerizing tetrafluoroethylene and propylene and subsequent curing of the copolymer with triallylisocyanurate and 2,2'-bis(tert-butylperoxy) diisopropylbenzene","Fluorocarbon cured elastomer produced by copolymerizing tetrafluoroethylene and propylene and subsequent curing of the copolymer with triallylisocyanurate and 2,2'-bis(tert-butylperoxy) diisopropylbenzene","116-14-3 (TFE) 115-07-1 (propylene) 1025-15-6 (triallylisoc yanurate) 25155-25-3 (benzene)","copolymer","tetrafluoroethylene","propylene",,,,
"A.105","Perfluoroalkoxy alkanes (PFA); a copolymer of: Perfluoroalkyl vinyl ether, and tetrafluoroethene","Perfluoroalkoxy alkanes (PFA)","26655-00-5, 1623-05-8,116-14-3","copolymer","Perfluoroalkyl vinyl ether","tetrafluoroethene",,,,
"A.105","Perfluorocarbon cured elastomers produced by polymerizing perfluoro (methyl vinyl ether) with TFE and perfluoro(8-cyano -5-methyl -3,6-dioxa -1-octene, followed by curing with trimethylallyl isocyanurate and/or triallyl isocyanurate, and with 2,5 -dimethyl -2,5-di (t-butylperoxy) hexane and as further described in this notification","Perfluorocarbon cured elastomers produced by polymerizing perfluoro (methyl vinyl ether) with TFE and perfluoro(8-cyano -5-methyl -3,6-dioxa -1-octene, followed by curing with trimethylallyl isocyanurate and/or triallyl isocyanurate, and with 2,5 -dimethyl -2,5-di (t-butylperoxy) hexane and as further described in this notification","1187-93-5 (methyl vinyl ether) 116-14-3,69804-19-9 (per fluoro octene) 6291-95-8,1025-15-6,78-63-7","copolymer","perfluoro (methyl vinyl ether) with TFE","perfluoro(8-cyano -5-methyl -3","6-dioxa -1-octene",,,
"A.105","Perfluoroethylene propylene, or Fluorinated Ethylene Propylene (FEP); is a copolymer of: Hexafluoropropene (see above), and-tetrafluoroethylene","Perfluoroethylene propylene, or Fluorinated Ethylene Propylene (FEP)","25067-11-2,116-15-4,116-14-3","copolymer","Hexafluoropropene (see above)","tetrafluoroethylene",,,,
"A.105","Polytetrafluoroethylene; a polymer of: tetrafluoroethylene","Polytetrafluoroethylene","9002-84-0,116-14-3","polymer","tetrafluoroethylene",,,,,
"A.106","Perfluoroalkoxy alkanes (PFA); a copolymer of: Perfluoroalkyl vinyl ether, and tetrafluoroethene","Perfluoroalkoxy alkanes (PFA)","26655-00-5, 1623-05-8,116-14-3","copolymer","Perfluoroalkyl vinyl ether","tetrafluoroethene",,,,
"A.106","Perfluoroethylene propylene, or Fluorinated Ethylene Propylene (FEP); is a copolymer of: Hexafluoropropene (see above), and-tetrafluoroethylene","Perfluoroethylene propylene, or Fluorinated Ethylene Propylene (FEP)","25067-11-2,116-15-4,116-14-3","copolymer","Hexafluoropropene (see above)","tetrafluoroethylene",,,,
"A.106","Polytetrafluoroethylen e; a polymer of: tetrafluoroethylene","Polytetrafluoroethylen e","9002-84-0,116-14-3","polymer","tetrafluoroethylene",,,,,
